id;payment_channel;payment_reference;subscription_start;subscription_end
1;gee dereference watchmaker;denominate;2023-10-26T09:07:07;2023-10-26T05:38:37
2;jaggedly ack woot;nicely philosophize;2023-10-26T13:28:26;2023-10-26T08:57:27
3;leaflet instead openly;meaty blindly;2023-10-26T09:47:46;2023-10-26T02:17:57
4;fudge suffocate kindheartedly;whenever as pro;2023-10-26T12:24:39;2023-10-26T00:51:20
5;defiantly;breath bladder;2023-10-26T13:17:41;2023-10-26T10:50:20
6;terribly;on meanwhile pish;2023-10-25T19:48:59;2023-10-26T02:07:37
7;provided;ew out freshen;2023-10-25T15:54:19;2023-10-25T17:33:35
8;supersized even blissfully;weaponize;2023-10-26T03:04:13;2023-10-25T23:23:43
9;amongst for purr;bulk pheromone neigh;2023-10-26T07:23:51;2023-10-25T15:03:20
10;through;easily;2023-10-25T18:16:50;2023-10-25T20:35:59
